"Rank","Tier","WSID","Overall","Team","Pos","Bye","Best","Worst","Avg","Std Dev","ADP","vs. ADP"
"1","1","","Christian McCaffrey","CAR","RB1","13","1","2","1.1","0.3","1.0","0.0"
"2","1","","Saquon Barkley","NYG","RB2","11","1","5","2.5","1.0","2.0","0.0"
"3","1","","Michael Thomas","NO","WR1","6","3","8","3.3","1.0","3.0","0.0"
"4","1","","Alvin Kamara","NO","RB3","6","1","10","4.3","1.5","4.0","0.0"
"5","1","","Ezekiel Elliott","DAL","RB4","10","2","9","4.3","0.8","5.0","0.0"
"6","2","","Dalvin Cook","MIN","RB5","7","2","23","7.4","3.5","6.0","0.0"
"7","2","","Davante Adams","GB","WR2","5","3","13","8.9","1.9","8.0","+1.0"
"8","2","","Derrick Henry","TEN","RB6","7","5","28","10.5","6.4","7.0","-1.0"
"9","2","","Joe Mixon","CIN","RB7","9","5","28","10.8","5.0","10.0","+1.0"
"10","2","","Julio Jones","ATL","WR3","10","7","19","11.4","2.0","12.0","+2.0"
"11","2","","Tyreek Hill","KC","WR4","10","8","36","11.7","2.2","11.0","0.0"
"12","3","","DeAndre Hopkins","ARI","WR5","8","8","29","13.8","3.3","9.0","-3.0"
"13","3","","Kenyan Drake","ARI","RB8","8","6","51","15.4","8.5","14.0","+1.0"
"14","3","","Chris Godwin","TB","WR6","13","11","48","15.9","4.2","17.0","+3.0"
"15","3","","Austin Ekeler","LAC","RB9","10","4","47","16.3","8.0","15.0","0.0"
"16","3","","Travis Kelce","KC","TE1","10","13","24","17.2","0.6","20.0","+4.0"
"17","3","","George Kittle","SF","TE2","11","16","46","18.4","2.1","22.0","+5.0"
"18","3","","Miles Sanders","PHI","RB10","9","6","44","19.7","7.7","19.0","+1.0"
"19","4","","Josh Jacobs","LV","RB11","6","6","47","22.3","6.7","13.0","-6.0"
"20","4","","Allen Robinson","CHI","WR7","11","12","48","22.4","7.5","29.0","+9.0"
"21","4","","Aaron Jones","GB","RB12","5","9","45","23.0","7.0","16.0","-5.0"
"22","4","","Nick Chubb","CLE","RB13","9","6","51","23.1","6.7","18.0","-4.0"
"23","4","","Kenny Golladay","DET","WR8","5","13","40","24.0","6.2","24.0","+1.0"
"24","4","","Mike Evans","TB","WR9","13","12","62","26.7","7.0","25.0","+1.0"
"25","4","","Patrick Mahomes","KC","QB1","10","18","54","28.6","9.4","23.0","-2.0"
"26","4","","D.J. Moore","CAR","WR10","13","15","55","29.3","7.2","30.0","+4.0"
"27","4","","JuJu Smith-Schuster","PIT","WR11","8","15","65","29.7","6.6","33.0","+6.0"
"28","4","","Lamar Jackson","BAL","QB2","8","8","61","30.1","10.8","21.0","-7.0"
"29","4","","Odell Beckham Jr.","CLE","WR12","9","13","50","30.5","6.7","31.0","+2.0"
"30","4","","Amari Cooper","DAL","WR13","10","16","50","31.5","6.6","34.0","+4.0"
"31","4","","Clyde Edwards-Helaire","KC","RB14","10","10","89","31.7","14.7","26.0","-5.0"
"32","4","","Zach Ertz","PHI","TE3","9","25","78","33.1","11.8","40.0","+8.0"
"33","4","","Adam Thielen","MIN","WR14","7","16","81","33.4","7.3","32.0","-1.0"
"34","5","","Todd Gurley","ATL","RB15","10","14","80","34.2","10.0","27.0","-7.0"
"35","5","","Leonard Fournette","JAC","RB16","7","7","83","35.1","14.4","28.0","-7.0"
"36","5","","Cooper Kupp","LAR","WR15","9","15","80","35.3","11.0","39.0","+3.0"
"37","5","","Robert Woods","LAR","WR16","9","16","64","37.5","8.8","46.0","+9.0"
"38","5","","Calvin Ridley","ATL","WR17","10","25","75","38.6","7.5","44.0","+6.0"
"39","5","","Chris Carson","SEA","RB17","6","20","68","41.1","9.3","36.0","-3.0"
"40","5","","Melvin Gordon","DEN","RB18","8","14","88","41.3","9.8","35.0","-5.0"
"41","5","","Keenan Allen","LAC","WR18","10","16","81","41.6","9.9","47.0","+6.0"
"42","5","","A.J. Brown","TEN","WR19","7","24","67","42.8","9.4","43.0","+1.0"
"43","5","","Le'Veon Bell","NYJ","RB19","11","18","76","44.7","9.4","37.0","-6.0"
"44","5","","Mark Andrews","BAL","TE4","8","18","69","44.9","6.4","42.0","-2.0"
"45","5","","Courtland Sutton","DEN","WR20","8","21","73","46.0","9.6","45.0","0.0"
"46","5","","DeVante Parker","MIA","WR21","11","24","72","47.4","8.7","60.0","+14.0"
"47","5","","Tyler Lockett","SEA","WR22","6","33","73","47.9","9.2","50.0","+3.0"
"48","5","","James Conner","PIT","RB20","8","27","98","48.3","12.0","41.0","-7.0"
"49","6","","D.J. Chark","JAC","WR23","7","25","74","48.6","8.0","57.0","+8.0"
"50","6","","David Johnson","HOU","RB21","8","23","104","51.2","10.8","38.0","-12.0"
"51","6","","Terry McLaurin","WAS","WR24","8","21","74","53.0","10.4","64.0","+13.0"
"52","6","","Darren Waller","LV","TE5","6","26","94","53.5","12.2","54.0","+2.0"
"53","6","","T.Y. Hilton","IND","WR25","7","15","107","54.2","9.8","53.0","0.0"
"54","6","","Dak Prescott","DAL","QB3","10","19","91","55.4","6.6","59.0","+5.0"
"55","6","","D.K. Metcalf","SEA","WR26","6","33","97","55.9","10.4","52.0","-3.0"
"56","6","","Jonathan Taylor","IND","RB22","7","22","153","57.5","19.4","48.0","-8.0"
"57","6","","Stefon Diggs","BUF","WR27","11","29","99","58.0","11.3","63.0","+6.0"
"58","6","","Mark Ingram II","BAL","RB23","8","27","110","58.7","13.1","56.0","-2.0"
"59","6","","Russell Wilson","SEA","QB4","6","19","87","60.6","6.8","65.0","+6.0"
"60","6","","Kyler Murray","ARI","QB5","8","43","87","61.3","6.2","55.0","-5.0"
"61","6","","David Montgomery","CHI","RB24","11","23","93","62.4","11.5","58.0","-3.0"
"62","6","","A.J. Green","CIN","WR28","9","25","107","63.0","16.0","68.0","+6.0"
"63","6","","Devin Singletary","BUF","RB25","11","9","98","63.3","14.1","49.0","-14.0"
"64","6","","Jarvis Landry","CLE","WR29","9","33","141","63.8","10.8","69.0","+5.0"
"65","6","","Deshaun Watson","HOU","QB6","8","37","91","64.7","7.7","62.0","-3.0"
"66","6","","Tyler Boyd","CIN","WR30","9","29","223","66.8","12.0","72.0","+6.0"
"67","7","","Raheem Mostert","SF","RB26","11","40","161","69.6","14.5","51.0","-16.0"
"68","7","","Julian Edelman","NE","WR31","6","25","171","71.0","12.5","75.0","+7.0"
"69","7","","Kareem Hunt","CLE","RB27","9","29","112","71.0","13.1","66.0","-3.0"
"70","7","","D'Andre Swift","DET","RB28","5","40","147","71.3","18.8","61.0","-9.0"
"71","7","","Evan Engram","NYG","TE6","11","26","161","73.6","18.2","71.0","0.0"
"72","7","","Michael Gallup","DAL","WR32","10","50","116","74.7","10.4","76.0","+4.0"
"73","7","","Marquise Brown","BAL","WR33","8","37","113","76.9","10.8","70.0","-3.0"
"74","7","","Hunter Henry","LAC","TE7","10","52","144","77.7","16.4","78.0","+4.0"
"75","7","","Josh Allen","BUF","QB7","11","57","118","78.6","12.6","89.0","+14.0"
"76","7","","Tyler Higbee","LAR","TE8","9","40","133","79.8","16.6","73.0","-3.0"
"77","7","","Cam Akers","LAR","RB29","9","31","347","81.6","38.7","67.0","-10.0"
"78","7","","James White","NE","RB30","6","44","200","82.3","18.3","77.0","-1.0"
"79","7","","Marvin Jones","DET","WR34","5","41","148","83.3","13.4","92.0","+13.0"
"80","7","","Will Fuller","HOU","WR35","8","43","155","83.6","16.7","86.0","+6.0"
"81","7","","Matt Ryan","ATL","QB8","10","56","132","84.5","12.5","87.0","+6.0"
"82","7","","Brandin Cooks","HOU","WR36","8","49","189","86.7","18.0","83.0","+1.0"
"83","7","","Carson Wentz","PHI","QB9","9","54","131","91.2","13.6","97.0","+14.0"
"84","7","","Christian Kirk","ARI","WR37","8","48","167","92.1","16.3","103.0","+19.0"
"85","7","","Drew Brees","NO","QB10","6","61","134","92.1","13.4","84.0","-1.0"
"86","8","","Tom Brady","TB","QB11","13","61","158","95.1","14.0","80.0","-6.0"
"87","8","","Deebo Samuel","SF","WR38","11","50","208","95.3","30.7","85.0","-2.0"
"88","8","","Derrius Guice","WAS","RB31","8","47","181","95.6","19.1","82.0","-6.0"
"89","8","","Tarik Cohen","CHI","RB32","11","52","181","96.2","22.7","90.0","+1.0"
"90","8","","John Brown","BUF","WR39","11","58","148","96.8","16.3","117.0","+27.0"
"91","8","","Sterling Shepard","NYG","WR40","11","67","198","99.7","15.3","116.0","+25.0"
"92","8","","Aaron Rodgers","GB","QB12","5","69","154","99.8","14.4","95.0","+3.0"
"93","8","","Matt Breida","MIA","RB33","11","66","148","100.3","16.7","102.0","+9.0"
"94","8","","Austin Hooper","CLE","TE9","9","26","163","100.7","23.1","113.0","+19.0"
"95","8","","Diontae Johnson","PIT","WR41","8","32","184","100.7","22.8","100.0","+5.0"
"96","8","","Ke'Shawn Vaughn","TB","RB34","13","42","349","101.3","38.2","79.0","-17.0"
"97","8","","Jamison Crowder","NYJ","WR42","11","48","204","101.8","23.4","111.0","+14.0"
"98","8","","Matthew Stafford","DET","QB13","5","70","136","101.9","11.2","106.0","+8.0"
"99","8","","Phillip Lindsay","DEN","RB35","8","66","195","103.3","19.0","96.0","-3.0"
"100","8","","Emmanuel Sanders","NO","WR43","6","65","201","103.8","17.7","104.0","+4.0"
"101","8","","Anthony Miller","CHI","WR44","11","72","175","104.0","19.6","137.0","+36.0"
"102","8","","Darius Slayton","NYG","WR45","11","72","210","104.4","21.8","109.0","+7.0"
"103","8","","Jared Cook","NO","TE10","6","63","163","105.4","20.6","98.0","-5.0"
"104","8","","Damien Williams","KC","RB36","10","60","149","105.5","17.5","94.0","-10.0"
"105","8","","Jordan Howard","MIA","RB37","11","71","168","107.1","18.4","91.0","-14.0"
"106","8","","Rob Gronkowski","TB","TE11","13","63","208","107.4","21.7","74.0","-32.0"
"107","8","","Mike Williams","LAC","WR46","10","62","186","108.5","18.5","135.0","+28.0"
"108","8","","Ronald Jones II","TB","RB38","13","66","181","108.8","19.9","81.0","-27.0"
"109","8","","Sony Michel","NE","RB39","6","59","170","109.3","13.3","88.0","-21.0"
"110","8","","Kerryon Johnson","DET","RB40","5","44","185","113.4","22.9","99.0","-11.0"
"111","8","","Hayden Hurst","ATL","TE12","10","53","335","113.5","44.9","105.0","-6.0"
"112","8","","J.K. Dobbins","BAL","RB41","8","45","351","114.9","37.1","93.0","-19.0"
"113","8","","Mike Gesicki","MIA","TE13","11","65","232","115.3","23.2","129.0","+16.0"
"114","8","","Daniel Jones","NYG","QB14","11","77","190","117.4","16.9","124.0","+10.0"
"115","8","","CeeDee Lamb","DAL","WR47","10","65","205","111.7","27.9","118.0","+3.0"
"116","9","","Marlon Mack","IND","RB42","7","60","185","122.4","22.7","101.0","-15.0"
"117","9","","Noah Fant","DEN","TE14","8","78","163","122.8","16.2","110.0","-7.0"
"118","9","","Tevin Coleman","SF","RB43","11","74","199","123.3","18.5","115.0","-3.0"
"119","9","","Preston Williams","MIA","WR48","11","64","198","123.9","20.4","136.0","+17.0"
"120","9","","Ben Roethlisberger","PIT","QB15","8","91","173","124.1","15.5","128.0","+8.0"
"121","9","","Latavius Murray","NO","RB44","6","67","177","124.2","16.7","114.0","-7.0"
"122","9","","Golden Tate","NYG","WR49","11","75","205","124.3","18.0","148.0","+26.0"
"123","9","","Jerry Jeudy","DEN","WR50","8","72","314","118.0","35.6","108.0","-15.0"
"124","9","","Ryan Tannehill","TEN","QB16","7","70","179","127.0","17.7","140.0","+16.0"
"125","9","","Baker Mayfield","CLE","QB17","9","72","269","128.7","25.5","130.0","+5.0"
"126","9","","T.J. Hockenson","DET","TE15","5","78","229","130.6","19.9","126.0","0.0"
"127","9","","Robby Anderson","CAR","WR51","13","65","198","130.8","28.4","149.0","+22.0"
"128","9","","Jonnu Smith","TEN","TE16","7","83","190","131.2","17.2","156.0","+28.0"
"129","9","","Jared Goff","LAR","QB18","9","95","172","131.6","17.6","143.0","+14.0"
"130","9","","Duke Johnson","HOU","RB45","8","83","216","134.0","21.1","138.0","+8.0"
"131","9","","Dallas Goedert","PHI","TE17","9","69","236","134.2","17.9","142.0","+11.0"
"132","9","","Justin Jefferson","MIN","WR52","7","58","323","126.9","41.8","119.0","-13.0"
"133","9","","Darrell Henderson","LAR","RB46","9","66","276","134.8","27.7","107.0","-26.0"
"134","9","","Alexander Mattison","MIN","RB47","7","73","217","137.0","19.9","120.0","-14.0"
"135","9","","Cam Newton","NE","QB19","6","77","338","138.0","55.2","184.0","+49.0"
"136","9","","Jack Doyle","IND","TE18","7","71","189","140.1","13.8","146.0","+10.0"
"137","9","","Henry Ruggs III","LV","WR53","6","75","328","137.3","46.6","121.0","-16.0"
"138","9","","Nyheim Hines","IND","RB48","7","80","237","145.6","29.1","147.0","+9.0"
"139","9","","Alshon Jeffery","PHI","WR54","9","48","261","147.0","38.8","162.0","+23.0"
"140","9","","Tony Pollard","DAL","RB49","10","97","256","147.1","27.1","131.0","-9.0"
"141","9","","Joe Burrow","CIN","QB20","9","103","328","147.1","32.3","144.0","+3.0"
"142","9","","Sammy Watkins","KC","WR55","10","96","212","150.0","20.5","159.0","+17.0"
"143","9","","Breshad Perriman","NYJ","WR56","11","73","316","150.2","37.1","155.0","+12.0"
"144","9","","Mecole Hardman","KC","WR57","10","80","223","151.1","28.8","132.0","-12.0"
"145","9","","Jalen Reagor","PHI","WR58","9","75","343","145.1","46.4","139.0","-6.0"
"146","9","","Curtis Samuel","CAR","WR59","13","81","231","152.8","28.2","192.0","+46.0"
"147","9","","Zack Moss","BUF","RB50","11","84","318","145.7","33.3","123.0","-24.0"
"148","9","","N'Keal Harry","NE","WR60","6","99","273","154.3","26.8","165.0","+17.0"
"149","9","","Kirk Cousins","MIN","QB21","7","91","249","151.4","25.3","163.0","+14.0"
"150","9","","Eric Ebron","PIT","TE19","8","92","246","155.4","21.6","153.0","+3.0"
"151","10","","Blake Jarwin","DAL","TE20","10","69","282","156.9","33.0","167.0","+16.0"
"152","10","","DeSean Jackson","PHI","WR61","9","74","223","157.9","32.7","152.0","0.0"
"153","10","","San Francisco (SF)","","DST1","11","121","322","147.7","25.9","112.0","-41.0"
"154","10","","Jimmy Garoppolo","SF","QB22","11","114","241","157.3","21.2","157.0","+3.0"
"155","10","","Boston Scott","PHI","RB51","9","89","272","154.2","33.0","133.0","-22.0"
"156","10","","Pittsburgh (PIT)","","DST2","8","139","230","148.7","12.0","122.0","-34.0"
"157","10","","Ian Thomas","CAR","TE21","13","134","260","163.6","25.2","220.0","+63.0"
"158","10","","Philip Rivers","IND","QB23","7","114","284","166.0","27.4","169.0","+11.0"
"159","10","","Drew Lock","DEN","QB24","8","103","252","166.5","23.4","160.0","+1.0"
"160","10","","Baltimore (BAL)","","DST3","8","131","202","153.7","9.0","125.0","-35.0"
"161","10","","Gardner Minshew II","JAC","QB25","7","103","254","168.9","26.3","176.0","+15.0"
"162","10","","Chase Edmonds","ARI","RB52","8","110","277","170.8","30.4","168.0","+6.0"
"163","10","","Chris Herndon IV","NYJ","TE22","11","108","299","174.2","33.4","193.0","+30.0"
"164","10","","Hunter Renfrow","LV","WR62","6","74","286","174.4","34.1","199.0","+35.0"
"165","10","","Dede Westbrook","JAC","WR63","7","86","244","171.8","27.4","215.0","+50.0"
"166","10","","Larry Fitzgerald","ARI","WR64","8","97","231","174.0","31.7","181.0","+15.0"
"167","10","","Buffalo (BUF)","","DST4","11","145","215","165.9","14.3","127.0","-40.0"
"168","10","","Michael Pittman Jr.","IND","WR65","7","64","353","169.6","47.5","151.0","-17.0"
"169","10","","Adrian Peterson","WAS","RB53","8","98","283","177.6","28.7","202.0","+33.0"
"170","10","","Jamaal Williams","GB","RB54","5","104","315","178.3","36.2","174.0","+4.0"
"171","10","","New England (NE)","","DST5","6","140","234","166.7","20.1","134.0","-37.0"
"172","10","","Allen Lazard","GB","WR66","5","92","336","183.8","40.8","204.0","+32.0"
"173","10","","Justin Jackson","LAC","RB55","10","96","312","178.6","34.6","154.0","-19.0"
"174","10","","Parris Campbell","IND","WR67","7","128","242","185.2","24.1","209.0","+35.0"
"175","10","","Harrison Butker","KC","K1","10","120","242","175.9","9.3","141.0","-34.0"
"176","10","","Teddy Bridgewater","CAR","QB26","13","116","275","184.3","32.7","177.0","+1.0"
"177","10","","Justin Tucker","BAL","K2","8","148","207","175.7","6.3","145.0","-32.0"
"178","10","","Chicago (CHI)","","DST6","11","140","230","172.5","19.1","150.0","-28.0"
"179","10","","Brandon Aiyuk","SF","WR68","11","82","347","176.8","45.6","170.0","-9.0"
"180","10","","Sam Darnold","NYJ","QB27","11","131","275","186.5","30.6","211.0","+31.0"
"181","10","","Corey Davis","TEN","WR69","7","122","242","187.3","28.1","232.0","+51.0"
"182","10","","Irv Smith Jr.","MIN","TE23","7","136","291","190.0","32.6","208.0","+26.0"
"183","10","","Wil Lutz","NO","K3","6","172","214","185.7","6.7","161.0","-22.0"
"184","10","","James Washington","PIT","WR70","8","122","290","192.0","24.4","239.0","+55.0"
"185","11","","New Orleans (NO)","","DST7","6","140","230","186.6","19.8","171.0","-14.0"
"186","11","","Derek Carr","LV","QB28","6","117","318","196.5","35.4","212.0","+26.0"
"187","11","","Denzel Mims","NYJ","WR71","11","81","336","188.6","41.2","197.0","+10.0"
"188","11","","Greg Zuerlein","DAL","K4","10","163","211","190.4","7.1","164.0","-24.0"
"189","11","","Greg Olsen","SEA","TE24","6","127","299","200.4","37.8","207.0","+18.0"
"190","11","","Minnesota (MIN)","","DST8","7","159","274","188.9","23.0","166.0","-24.0"
"191","11","","Tyrell Williams","LV","WR72","6","113","304","196.0","33.5","244.0","+53.0"
"192","11","","A.J. Dillon","GB","RB56","5","100","328","190.7","42.2","194.0","+2.0"
"193","11","","Giovani Bernard","CIN","RB57","9","134","283","197.1","28.1","233.0","+40.0"
"194","11","","John Ross","CIN","WR73","9","129","260","200.5","29.0","241.0","+47.0"
"195","11","","Cole Beasley","BUF","WR74","11","138","247","199.6","25.6","217.0","+22.0"
"196","11","","Randall Cobb","HOU","WR75","8","101","244","200.3","24.0","231.0","+35.0"
"197","11","","Antonio Gibson","WAS","RB58","8","84","327","177.1","47.4","158.0","-39.0"
"198","11","","Kansas City (KC)","","DST9","10","145","293","197.2","21.7","180.0","-18.0"
"199","11","","Rashaad Penny","SEA","RB59","6","120","321","213.1","39.2","186.0","-13.0"
"200","11","","Los Angeles (LAR)","","DST10","9","152","290","196.5","32.4","205.0","+5.0"
"201","11","","Anthony McFarland Jr.","PIT","RB60","8","98","375","199.3","50.5","187.0","-14.0"
"202","11","","Darrynton Evans","TEN","RB61","7","121","377","193.3","46.7","179.0","-23.0"
"203","11","","O.J. Howard","TB","TE25","13","127","305","212.9","39.1","228.0","+25.0"
"204","11","","Jace Sternberger","GB","TE26","5","121","325","205.2","44.7","240.0","+36.0"
"205","11","","Mohamed Sanu","NE","WR76","6","97","359","217.6","27.6","249.0","+44.0"
"206","11","","Kyle Rudolph","MIN","TE27","7","133","273","215.6","35.8","219.0","+13.0"
"207","11","","Tee Higgins","CIN","WR77","9","109","346","212.2","37.4","210.0","+3.0"
"208","11","","Chris Thompson","JAC","RB62","7","123","305","201.2","42.3","256.0","+48.0"
"209","11","","Denver (DEN)","","DST11","8","165","299","213.8","18.2","175.0","-34.0"
"210","11","","Robbie Gould","SF","K5","11","183","305","211.2","16.1","173.0","-37.0"
"211","11","","Kenny Stills","HOU","WR78","8","124","325","211.2","35.1","243.0","+32.0"
"212","11","","Damien Harris","NE","RB63","6","132","368","221.3","44.1","190.0","-22.0"
"213","11","","Philadelphia (PHI)","","DST12","9","140","303","216.0","25.1","189.0","-24.0"
"214","11","","Laviska Shenault Jr.","JAC","WR79","7","102","355","221.9","47.9","234.0","+20.0"
"215","11","","Malcolm Brown","LAR","RB64","9","146","352","228.3","43.4","245.0","+30.0"
"216","11","","Carlos Hyde","SEA","RB65","6","98","321","209.1","46.0","188.0","-28.0"
"217","11","","Ryquell Armstead","JAC","RB66","7","133","348","222.0","49.2","229.0","+12.0"
"218","11","","Dawson Knox","BUF","TE28","11","153","272","224.8","29.3","236.0","+18.0"
"219","11","","Matt Prater","DET","K6","5","192","253","219.5","11.3","182.0","-37.0"
"220","11","","Matt Gay","TB","K7","13","183","323","218.5","21.1","203.0","-17.0"
"221","11","","Danny Amendola","DET","WR80","5","151","346","228.2","29.6","276.0","+55.0"
"222","11","","Los Angeles (LAC)","","DST13","10","145","352","215.4","38.0","172.0","-50.0"
"223","11","","Royce Freeman","DEN","RB67","8","110","358","221.6","55.9","267.0","+44.0"
"224","11","","Justice Hill","BAL","RB68","8","143","334","222.7","49.2","251.0","+27.0"
"225","11","","Joshua Kelley","LAC","RB69","10","79","332","200.7","45.1","216.0","-9.0"
"226","11","","Jalen Richard","LV","RB70","6","153","362","228.9","43.3","237.0","+11.0"
"227","11","","Zane Gonzalez","ARI","K8","8","173","331","229.5","20.7","178.0","-49.0"
"228","12","","Devin Funchess","GB","WR81","5","157","295","229.2","24.1","262.0","+34.0"
"229","12","","Tennessee (TEN)","","DST14","7","166","303","229.3","23.0","214.0","-15.0"
"230","12","","Jake Elliott","PHI","K9","9","182","292","235.5","16.1","196.0","-34.0"
"231","12","","Gerald Everett","LAR","TE29","9","142","327","239.1","39.4","247.0","+16.0"
"232","12","","Michael Badgley","LAC","K10","10","196","308","233.6","20.6","297.0","+65.0"
"233","12","","Seattle (SEA)","","DST15","6","197","355","233.7","25.8","222.0","-11.0"
"234","12","","Ka'imi Fairbairn","HOU","K11","8","198","281","233.8","12.4","200.0","-34.0"
"235","12","","Jaylen Samuels","PIT","RB71","8","130","327","228.9","39.5","213.0","-22.0"
"236","12","","Josh Reynolds","LAR","WR82","9","154","381","244.1","40.0","264.0","+28.0"
"237","12","","New York (NYJ)","","DST16","11","191","361","237.7","37.6","221.0","-16.0"
"238","12","","Will Dissly","SEA","TE30","6","92","342","241.2","45.0","242.0","+4.0"
"239","12","","Dwayne Haskins","WAS","QB29","8","158","338","248.9","37.6","257.0","+18.0"
"240","12","","Albert Wilson","MIA","WR83","11","156","298","234.5","25.5","308.0","+68.0"
"241","12","","Mason Crosby","GB","K12","5","202","281","241.5","11.6","198.0","-43.0"
"242","12","","Dion Lewis","NYG","RB72","11","168","336","243.4","33.1","246.0","+4.0"
"243","12","","Ryan Fitzpatrick","MIA","QB30","11","130","341","250.7","50.0","248.0","+5.0"
"244","12","","Tyrod Taylor","LAC","QB31","10","77","358","251.4","58.4","238.0","-6.0"
"245","12","","Chris Conley","JAC","WR84","7","189","331","237.7","24.7","338.0","+93.0"
"246","12","","Indianapolis (IND)","","DST17","7","152","352","240.4","35.6","185.0","-61.0"
"247","12","","Green Bay (GB)","","DST18","5","201","305","240.5","19.0","235.0","-12.0"
"248","12","","Benny Snell Jr.","PIT","RB73","8","144","321","248.4","39.9","263.0","+15.0"
"249","12","","Miles Boykin","BAL","WR85","8","161","314","248.4","32.1","292.0","+43.0"
"250","12","","Tre'Quan Smith","NO","WR86","6","158","345","246.6","25.6","324.0","+74.0"
"251","12","","Jimmy Graham","CHI","TE31","11","157","319","252.3","29.2","225.0","-26.0"
"252","12","","David Njoku","CLE","TE32","9","137","335","248.6","38.2","269.0","+17.0"
"253","12","","Ito Smith","ATL","RB74","10","168","336","241.4","39.0","258.0","+5.0"
"254","12","","Rex Burkhead","NE","RB75","6","134","336","245.1","39.2","281.0","+27.0"
"255","12","","Cleveland (CLE)","","DST19","9","166","325","249.9","23.4","224.0","-31.0"
"256","12","","Chase Claypool","PIT","WR87","8","113","373","248.3","40.8","250.0","-6.0"
"257","12","","Dan Bailey","MIN","K13","7","208","289","251.1","15.0","201.0","-56.0"
"258","12","","Dallas (DAL)","","DST20","10","176","323","251.5","26.9","191.0","-67.0"
"259","12","","Steven Sims","WAS","WR88","8","129","341","241.6","45.0","296.0","+37.0"
"260","12","","Andy Isabella","ARI","WR89","8","151","317","242.7","29.2","311.0","+51.0"
"261","12","","Brandon McManus","DEN","K14","8","207","324","255.1","18.9","253.0","-8.0"
"262","12","","Kelvin Harmon","WAS","WR90","8","145","328","250.6","32.0","348.0","+86.0"
"263","12","","Russell Gage","ATL","WR91","10","151","359","250.0","48.6","317.0","+54.0"
"264","12","","Gus Edwards","BAL","RB76","8","177","386","254.3","47.3","289.0","+25.0"
"265","12","","Nick Foles","CHI","QB32","11","162","358","270.4","45.0","285.0","+20.0"
"266","12","","Tampa Bay (TB)","","DST21","13","160","327","260.1","34.9","183.0","-83.0"
"267","12","","Jason Myers","SEA","K15","6","209","300","263.1","17.6","252.0","-15.0"
"268","12","","Joey Slye","CAR","K16","13","205","349","265.8","24.6","260.0","-8.0"
"269","12","","Younghoe Koo","ATL","K17","10","201","302","260.3","28.0","195.0","-74.0"
"270","12","","KJ Hamler","DEN","WR92","8","183","379","255.4","42.4","342.0","+72.0"
"271","12","","Devonta Freeman","FA","RB77","","76","356","219.7","59.8","206.0","-65.0"
"272","12","","Chris Boswell","PIT","K18","8","213","302","273.1","17.3","218.0","-54.0"
"273","12","","Jalen Hurd","SF","WR93","11","141","383","262.7","42.8","313.0","+40.0"
"274","12","","Adam Humphries","TEN","WR94","7","174","349","262.8","32.2","373.0","+99.0"
"275","12","","Vance McDonald","PIT","TE33","8","161","351","271.7","36.5","254.0","-21.0"
"276","13","","Stephen Hauschka","BUF","K19","11","219","324","281.0","14.2","363.0","+87.0"
"277","13","","Zach Pascal","IND","WR95","7","229","340","273.2","23.9","291.0","+14.0"
"278","13","","Houston (HOU)","","DST22","8","201","324","281.7","21.2","299.0","+21.0"
"279","13","","Tyler Eifert","JAC","TE34","7","161","343","263.1","38.3","319.0","+40.0"
"280","13","","Auden Tate","CIN","WR96","9","157","374","271.4","33.6","356.0","+76.0"
"281","13","","DeAndre Washington","KC","RB78","10","185","357","266.7","39.8","340.0","+59.0"
"282","13","","Jerick McKinnon","SF","RB79","11","173","362","278.2","50.6","275.0","-7.0"
"283","13","","Phillip Dorsett","SEA","WR97","6","208","349","277.2","28.4","371.0","+88.0"
"284","13","","Tua Tagovailoa","MIA","QB33","11","167","378","295.0","46.2","226.0","-58.0"
"285","13","","Josh Lambo","JAC","K20","7","176","309","285.5","16.9","227.0","-58.0"
"286","13","","Nelson Agholor","LV","WR98","6","184","391","277.4","39.6","361.0","+75.0"
"287","13","","Austin Seibert","CLE","K21","9","222","353","289.6","19.0","326.0","+39.0"
"288","13","","Darwin Thompson","KC","RB80","10","178","376","284.8","38.6","272.0","-16.0"
"289","13","","Marquez Valdes-Scantling","GB","WR99","5","212","389","285.8","39.4","391.0","+102.0"
"290","13","","Peyton Barber","WAS","RB81","8","142","382","273.1","53.7","271.0","-19.0"
"291","13","","Washington (WAS)","","DST23","8","207","332","292.6","29.7","259.0","-32.0"
"292","13","","Demarcus Robinson","KC","WR100","10","190","372","287.4","33.0","388.0","+96.0"
"293","13","","Jacksonville (JAC)","","DST24","7","145","355","292.8","28.5","294.0","+1.0"
"294","13","","Dare Ogunbowale","TB","RB82","13","164","364","291.0","39.4","300.0","+6.0"
"295","13","","J.J. Arcega-Whiteside","PHI","WR101","9","220","389","282.9","38.5","394.0","+99.0"
"296","13","","Jakobi Meyers","NE","WR102","6","222","361","285.2","28.6","446.0","+150.0"
"297","13","","David Moore","SEA","WR103","6","214","369","287.2","31.4","1,019.0","+722.0"
"298","13","","Jarrett Stidham","NE","QB34","6","160","385","297.8","42.6","270.0","-28.0"
"299","13","","Mike Boone","MIN","RB83","7","149","356","288.2","37.1","398.0","+99.0"
"300","13","","Brett Maher","NYJ","K22","11","221","326","293.2","18.8","999.0","+699.0"
"301","13","","Cameron Brate","TB","TE35","13","163","376","295.3","33.3","268.0","-33.0"
"302","13","","Mitch Trubisky","CHI","QB35","11","148","384","305.7","47.6","303.0","+1.0"
"303","13","","Patrick Laird","MIA","RB84","11","217","388","296.2","34.5","380.0","+77.0"
"304","13","","Aldrick Rosas","NYG","K23","11","225","339","301.7","16.3","436.0","+132.0"
"305","13","","Willie Snead","BAL","WR104","8","226","360","290.8","27.2","407.0","+102.0"
"306","13","","Van Jefferson","LAR","WR105","9","182","363","286.4","39.5","344.0","+38.0"
"307","13","","Stephen Gostkowski","FA","K24","","192","342","248.5","43.0","255.0","-52.0"
"308","13","","Atlanta (ATL)","","DST25","10","224","342","304.7","21.7","290.0","-18.0"
"309","13","","Bryce Love","WAS","RB85","8","177","357","289.7","41.5","320.0","+11.0"
"310","13","","Lamical Perine","NYJ","RB86","11","177","364","270.8","46.6","314.0","+4.0"
"311","13","","Devin Duvernay","BAL","WR106","8","141","396","283.3","48.7","1,014.0","+703.0"
"312","13","","Detroit (DET)","","DST26","5","219","347","311.2","19.6","402.0","+90.0"
"313","13","","DaeSean Hamilton","DEN","WR107","8","198","375","293.4","41.0","957.0","+644.0"
"314","13","","Daniel Carlson","LV","K25","6","226","332","308.9","20.1","442.0","+128.0"
"315","13","","Trey Burton","IND","TE36","7","173","386","298.5","38.8","390.0","+75.0"
"316","13","","Jacob Hollister","SEA","TE37","6","202","376","295.5","40.0","266.0","-50.0"
"317","13","","Frank Gore","NYJ","RB87","11","144","379","289.1","57.5","379.0","+62.0"
"318","13","","Carolina (CAR)","","DST27","13","176","350","307.6","30.0","265.0","-53.0"
"319","13","","Darren Fells","HOU","TE38","8","153","370","281.6","43.0","302.0","-17.0"
"320","13","","Antonio Gandy-Golden","WAS","WR108","8","152","363","293.6","41.4","261.0","-59.0"
"321","13","","Brian Hill","ATL","RB88","10","185","370","307.6","31.6","409.0","+88.0"
"322","13","","Justin Herbert","LAC","QB36","10","158","382","317.9","40.4","360.0","+38.0"
"323","13","","Keke Coutee","HOU","WR109","8","262","381","302.5","28.1","515.0","+192.0"
"324","13","","Jordan Akins","HOU","TE39","8","236","360","300.3","27.4","1,000.0","+676.0"
"325","13","","Dustin Hopkins","WAS","K26","8","215","363","318.7","24.9","283.0","-42.0"
"326","13","","Antonio Brown","FA","WR110","","45","380","249.3","80.1","223.0","-103.0"
"327","13","","DeeJay Dallas","SEA","RB89","6","180","357","288.9","40.5","1,011.0","+684.0"
"328","13","","Las Vegas (LV)","","DST28","6","211","355","316.5","21.2","301.0","-27.0"
"329","13","","T.J. Yeldon","BUF","RB90","11","235","385","319.6","26.1","985.0","+656.0"
"330","13","","C.J. Uzomah","CIN","TE40","9","191","381","280.3","44.9","323.0","-7.0"
"331","13","","Lynn Bowden Jr.","LV","RB91","6","160","382","277.7","63.3","274.0","-57.0"
"332","13","","Jordan Wilkins","IND","RB92","7","217","387","312.0","31.5","1,010.0","+678.0"
"333","14","","Chase McLaughlin","IND","K27","7","224","353","304.8","27.6","415.0","+82.0"
"334","14","","Kendrick Bourne","SF","WR111","11","203","372","305.7","43.2","366.0","+32.0"
"335","14","","Bryan Edwards","LV","WR112","6","86","365","279.2","54.5","278.0","-57.0"
"336","14","","Darrel Williams","KC","RB93","10","227","381","315.9","33.1","532.0","+196.0"
"337","14","","Reggie Bonnafon","CAR","RB94","13","234","382","322.2","33.4","350.0","+13.0"
"338","14","","Wayne Gallman","NYG","RB95","11","265","384","324.4","27.6","552.0","+214.0"
"339","14","","Marquise Goodwin","PHI","WR113","9","261","376","323.0","25.9","965.0","+626.0"
"340","14","","Travis Homer","SEA","RB96","6","257","374","328.2","23.0","1,008.0","+668.0"
"341","14","","Qadree Ollison","ATL","RB97","10","235","371","328.0","26.6","1,015.0","+674.0"
"342","14","","Cole Kmet","CHI","TE41","11","231","360","317.4","28.3","347.0","+5.0"
"343","14","","Bo Scarbrough","DET","RB98","5","264","387","327.2","24.0","995.0","+652.0"
"344","14","","Jameis Winston","NO","QB37","6","273","387","340.0","31.1","273.0","-71.0"
"345","14","","Lamar Miller","FA","RB99","","115","392","305.3","46.3","357.0","+12.0"
"346","14","","Jason Witten","LV","TE42","6","141","369","310.6","38.0","310.0","-36.0"
"347","14","","Myles Gaskin","MIA","RB100","11","259","393","334.8","25.1","519.0","+172.0"
"348","14","","Randy Bullock","CIN","K28","9","249","347","316.8","22.8","417.0","+69.0"
"349","14","","Justin Rohrwasser","NE","K29","6","224","353","298.5","34.8","230.0","-119.0"
"350","14","","Kai Forbath","DAL","K30","10","231","342","312.1","17.7","277.0","-73.0"
"351","14","","Keelan Cole","JAC","WR114","7","245","378","321.0","33.8","684.0","+333.0"
"352","14","","Greg Ward","PHI","WR115","9","226","377","308.7","37.8","996.0","+644.0"
"353","14","","Arizona (ARI)","","DST29","8","219","354","317.9","26.3","287.0","-66.0"
"354","14","","Ted Ginn","CHI","WR116","11","243","376","322.2","34.6","1,016.0","+662.0"
"355","14","","Ryan Griffin","NYJ","TE43","11","172","384","319.9","45.3","889.0","+534.0"
"356","14","","Adam Vinatieri","FA","K31","","232","339","311.7","23.0","298.0","-58.0"
"357","14","","Geronimo Allison","DET","WR117","5","240","389","329.2","36.0","982.0","+625.0"
"358","14","","Josh Oliver","JAC","TE44","7","255","373","325.0","28.7","419.0","+61.0"
"359","14","","Eno Benjamin","ARI","RB101","8","195","388","295.1","43.1","327.0","-32.0"
"360","14","","Kalen Ballage","MIA","RB102","11","190","379","336.7","22.8","964.0","+604.0"
"361","14","","Dante Pettis","SF","WR118","11","151","373","320.7","46.5","977.0","+616.0"
"362","14","","Justin Watson","TB","WR119","13","223","376","331.0","27.9","381.0","+19.0"
"363","14","","Nick Boyle","BAL","TE45","8","232","369","311.2","40.1","1,006.0","+643.0"
"364","14","","Taysom Hill","NO","QB38","6","277","389","341.3","26.9","286.0","-78.0"
"365","14","","Taylor Gabriel","FA","WR120","","196","386","297.8","59.7","992.0","+627.0"
"366","14","","Delanie Walker","FA","TE46","","255","362","310.5","31.7","365.0","-1.0"
"367","14","","Devin Asiasi","NE","TE47","6","163","391","322.1","46.3","280.0","-87.0"
"368","14","","Andy Dalton","DAL","QB39","10","275","387","343.5","31.1","349.0","-19.0"
"369","14","","Marcus Mariota","LV","QB40","6","276","397","347.1","31.7","432.0","+63.0"
"370","14","","Kyle Juszczyk","SF","RB103","11","237","376","330.7","37.1","451.0","+81.0"
"371","14","","Tyler Johnson","TB","WR121","13","244","372","322.3","38.8","1,013.0","+642.0"
"372","14","","LeSean McCoy","FA","RB104","","199","380","314.1","47.0","1,002.0","+630.0"
"373","14","","Ty Montgomery","NO","RB105","6","258","393","336.0","31.2","329.0","-44.0"
"374","14","","Tajae Sharpe","MIN","WR122","7","263","378","321.8","31.6","434.0","+60.0"
"375","14","","New York (NYG)","","DST30","11","297","349","332.1","13.6","304.0","-71.0"
"376","14","","Cincinnati (CIN)","","DST31","9","219","355","325.8","23.6","404.0","+28.0"
"377","14","","Mike Davis","CAR","RB106","13","235","392","342.7","29.8","351.0","-26.0"
"378","14","","Trent Taylor","SF","WR123","11","206","382","290.1","42.4","1,018.0","+640.0"
"379","14","","Miami (MIA)","","DST32","11","207","355","322.1","24.1","374.0","-5.0"
"380","14","","Jeremy Sprinkle","WAS","TE48","8","240","386","322.9","33.5","496.0","+116.0"
"381","14","","Olabisi Johnson","MIN","WR124","7","211","371","308.6","37.1","550.0","+169.0"
"382","14","","Jeff Wilson","SF","RB107","11","277","376","342.0","25.0","991.0","+609.0"
"383","14","","Adam Trautman","NO","TE49","6","238","374","334.8","30.4","997.0","+614.0"
"384","14","","Jacoby Brissett","IND","QB41","7","254","387","346.5","27.2","984.0","+600.0"
"385","14","","Trayveon Williams","CIN","RB108","9","259","386","350.7","31.7","331.0","-54.0"
"386","14","","KeeSean Johnson","ARI","WR125","8","286","386","349.9","21.3","811.0","+425.0"
"387","14","","Greg Joseph","TEN","K32","7","249","340","304.2","23.4","412.0","+25.0"
"388","14","","Ty Johnson","DET","RB109","5","280","386","345.0","20.8","740.0","+352.0"
"389","15","","Jason Sanders","MIA","K33","11","233","353","316.8","18.4","421.0","+32.0"
"390","15","","Zay Jones","LV","WR126","6","265","385","342.7","25.4","456.0","+66.0"
"391","15","","Demaryius Thomas","FA","WR127","","261","378","333.9","32.6","661.0","+270.0"
"392","15","","Dexter Williams","GB","RB110","5","277","386","351.7","22.2","555.0","+163.0"
"393","15","","Eddy Pineiro","CHI","K34","11","268","351","321.7","21.0","393.0","0.0"
"394","15","","Marqise Lee","NE","WR128","6","261","379","339.3","38.4","564.0","+170.0"
"395","15","","Josh Gordon","FA","WR129","","175","375","340.1","32.7","386.0","-9.0"
"396","15","","Corey Clement","PHI","RB111","9","181","369","341.7","33.7","994.0","+598.0"
"397","15","","Dontrell Hilliard","CLE","RB112","9","308","379","351.8","15.1","1,007.0","+610.0"
"398","15","","Drew Sample","CIN","TE50","9","260","394","355.9","14.9","788.0","+390.0"
"399","15","","Paul Richardson Jr.","FA","WR130","","294","379","350.6","20.8","932.0","+533.0"
"400","15","","Raymond Calais","TB","RB113","13","217","363","301.6","42.3","538.0","+138.0"
"401","15","","Kaden Smith","NYG","TE51","11","260","375","342.6","24.1","448.0","+47.0"
"402","15","","Foster Moreau","LV","TE52","6","297","376","342.8","19.3","864.0","+462.0"
"403","15","","Hakeem Butler","ARI","WR131","8","285","396","343.8","30.3","961.0","+558.0"
"404","15","","Thaddeus Moss","WAS","TE53","8","135","391","326.2","55.1","362.0","-42.0"
"405","15","","Dan Arnold","ARI","TE54","8","267","347","320.1","20.9","321.0","-84.0"
"406","15","","Javon Wims","CHI","WR132","11","265","384","336.9","38.5","956.0","+550.0"
"407","15","","Allen Hurns","MIA","WR133","11","247","388","342.7","40.7","1,005.0","+598.0"
"408","15","","Scott Miller","TB","WR134","13","246","376","341.4","28.8","1,001.0","+593.0"
"409","15","","Jake Kumerow","GB","WR135","5","295","387","352.8","31.0","993.0","+584.0"
"410","15","","Albert Okwuegbunam","DEN","TE55","8","240","389","344.3","22.3","405.0","-5.0"
"411","15","","Anthony Firkser","TEN","TE56","7","237","373","341.9","19.5","1,004.0","+593.0"
"412","15","","Dalton Keene","NE","TE57","6","304","394","356.3","16.5","",""
"413","15","","Jalen Hurts","PHI","QB42","9","236","391","350.1","34.1","970.0","+557.0"
"414","15","","Cordarrelle Patterson","CHI","WR136","11","226","379","343.0","31.8","554.0","+140.0"
"415","15","","J.D. McKissic","WAS","RB114","8","227","368","312.4","46.5","620.0","+205.0"
"416","15","","Devontae Booker","LV","RB115","6","217","370","355.7","16.4","1,017.0","+601.0"
"417","15","","Donovan Peoples-Jones","CLE","WR137","9","285","373","328.5","37.6","955.0","+538.0"
"418","15","","Damiere Byrd","NE","WR138","6","262","384","352.3","25.7","837.0","+419.0"
"419","15","","Rashard Higgins","CLE","WR139","9","271","390","331.0","36.3","508.0","+89.0"
"420","15","","Sam Sloman","LAR","K35","9","233","308","268.0","30.8","424.0","+4.0"
"421","15","","Josh Doctson","NYJ","WR140","11","267","358","319.6","31.4","739.0","+318.0"
"422","15","","K.J. Hill","LAC","WR141","10","248","395","323.4","54.2","1,003.0","+581.0"
"423","15","","Kerrith Whyte Jr.","PIT","RB116","8","341","388","360.3","10.7","799.0","+376.0"
"424","15","","Andre Patton","LAC","WR142","10","274","369","326.2","33.4","762.0","+338.0"
"425","15","","Rodney Anderson","CIN","RB117","9","277","363","331.0","26.9","431.0","+6.0"
"426","15","","Tim Patrick","DEN","WR143","8","260","350","316.3","33.8","428.0","+2.0"
"427","15","","Donte Moncrief","FA","WR144","","220","262","241.0","21.0","923.0","+496.0"
"428","15","","Trey Quinn","WAS","WR145","8","220","386","345.3","45.9","467.0","+39.0"
"429","15","","Isaiah Coulter","HOU","WR146","8","298","350","320.0","20.6","967.0","+538.0"
"430","15","","Kalif Raymond","TEN","WR147","7","283","373","336.0","31.7","440.0","+10.0"
"431","15","","Mo Alie-Cox","IND","TE58","7","292","380","364.4","14.1","556.0","+125.0"
"432","15","","Jakeem Grant","MIA","WR148","11","268","367","341.6","22.3","1,012.0","+580.0"
"433","15","","Hunter Bryant","DET","TE59","5","273","381","342.4","36.7","607.0","+174.0"
"434","15","","Maxx Williams","ARI","TE60","8","260","389","343.0","30.7","488.0","+54.0"
"435","15","","Brycen Hopkins","LAR","TE61","9","258","394","343.2","45.9","838.0","+403.0"
"436","15","","Quintez Cephus","DET","WR149","5","271","378","344.4","38.1","988.0","+552.0"
"437","15","","Damion Ratley","CLE","WR150","9","234","390","313.7","63.7","553.0","+116.0"
"438","15","","Robert Foster","BUF","WR151","11","292","390","334.5","41.1","771.0","+333.0"
"439","15","","Equanimeous St. Brown","GB","WR152","5","214","395","315.3","75.5","558.0","+119.0"
"440","15","","CJ Ham","MIN","RB118","7","238","355","315.3","54.7","971.0","+531.0"
"441","15","","Matt LaCosse","NE","TE62","6","272","388","348.6","44.9","998.0","+557.0"
"442","15","","Nick Vannett","DEN","TE63","8","282","365","319.0","34.5","416.0","-26.0"
"443","15","","Ricky Seals-Jones","KC","TE64","10","242","389","363.6","22.1","959.0","+516.0"
"444","15","","Jordan Reed","FA","TE65","","304","359","350.8","7.0","881.0","+437.0"
"445","15","","Devine Ozigbo","JAC","RB119","7","321","365","353.2","16.4","979.0","+534.0"
"446","15","","Bilal Powell","FA","RB120","","327","371","353.2","12.9","464.0","+18.0"
"447","15","","Gabriel Davis","BUF","WR153","11","290","384","354.0","34.3","976.0","+529.0"
"448","15","","Joe Reed","LAC","WR154","10","262","377","343.5","47.3","544.0","+96.0"
"449","15","","Matt Bryant","FA","K36","","253","329","291.0","38.0","819.0","+370.0"
"450","15","","Corey Coleman","NYG","WR155","11","310","372","332.3","28.1","384.0","-66.0"
"451","15","","Dwayne Washington","NO","RB121","6","313","365","333.3","22.7","364.0","-87.0"
"452","15","","Ryan Succop","FA","K37","","299","308","303.5","4.5","533.0","+81.0"
"453","16","","Ameer Abdullah","MIN","RB122","7","317","364","336.0","20.2","541.0","+88.0"
"454","16","","Josh Hill","NO","TE66","6","319","374","352.8","20.7","475.0","+21.0"
"455","16","","Ryan Nall","CHI","RB123","11","321","385","353.3","28.9","473.0","+18.0"
"456","16","","Jesse James","DET","TE67","5","338","368","354.5","10.7","441.0","-15.0"
"457","16","","Jaeden Graham","ATL","TE68","10","348","391","369.5","12.2","560.0","+103.0"
"458","16","","Riley Ridley","CHI","WR156","11","339","385","358.5","17.8","975.0","+517.0"
"459","16","","Sam Ficken","NYJ","K38","11","309","332","320.5","11.5","426.0","-33.0"
"460","16","","Kyle Allen","WAS","QB43","8","352","366","358.8","5.5","986.0","+526.0"
"461","16","","James O'Shaughnessy","JAC","TE69","7","294","352","323.0","29.0","812.0","+351.0"
"462","16","","Seth Roberts","CAR","WR157","13","301","376","347.7","33.2","410.0","-52.0"
"463","16","","Jeff Heuerman","DEN","TE70","8","307","385","348.0","32.0","922.0","+459.0"
"464","16","","Tyler Kroft","BUF","TE71","11","303","376","349.3","32.9","900.0","+436.0"
"465","16","","Brian Hoyer","NE","QB44","6","270","382","326.0","56.0","972.0","+507.0"
"466","16","","Darnell Mooney","CHI","WR158","11","286","369","327.5","41.5","917.0","+451.0"
"467","16","","Nick Mullens","SF","QB45","11","278","383","330.5","52.5","843.0","+376.0"
"468","16","","Dalton Schultz","DAL","TE72","10","319","349","334.0","15.0","566.0","+98.0"
"469","16","","Josh Rosen","MIA","QB46","11","319","351","335.0","16.0","829.0","+360.0"
"470","16","","James Robinson","JAC","RB124","7","317","357","337.0","20.0","720.0","+250.0"
"471","16","","Braxton Berrios","NYJ","WR159","11","286","396","341.0","55.0","894.0","+423.0"
"472","16","","Devin Smith","DAL","WR160","10","333","350","341.5","8.5","396.0","-76.0"
"473","16","","Khari Blasingame","TEN","RB125","7","336","376","360.0","17.3","958.0","+485.0"
"474","16","","Joe Flacco","NYJ","QB47","11","317","390","360.3","31.3","309.0","-165.0"
"475","16","","Jordan Scarlett","CAR","RB126","13","353","375","362.7","9.2","960.0","+485.0"
"476","16","","James Proche","BAL","WR161","8","343","355","349.0","6.0","484.0","+8.0"
"477","16","","Dalyn Dawkins","TEN","RB127","7","327","372","349.5","22.5","701.0","+224.0"
"478","16","","Ryan Switzer","PIT","WR162","8","317","390","353.5","36.5","872.0","+394.0"
"479","16","","C.J. Anderson","FA","RB128","","350","357","353.5","3.5","662.0","+183.0"
"480","16","","Collin Johnson","JAC","WR163","7","335","376","355.5","20.5","772.0","+292.0"
"481","16","","Alex Erickson","CIN","WR164","9","343","368","355.5","12.5","547.0","+66.0"
"482","16","","Quez Watkins","PHI","WR165","9","333","381","357.0","24.0","759.0","+277.0"
"483","16","","Alec Ingold","LV","RB129","6","336","380","358.0","22.0","392.0","-91.0"
"484","16","","Kahale Warring","HOU","TE73","8","357","362","359.5","2.5","911.0","+427.0"
"485","16","","Taywan Taylor","CLE","WR166","9","340","381","360.5","20.5","921.0","+436.0"
"486","16","","Ross Dwelley","SF","TE74","11","359","364","361.5","2.5","949.0","+463.0"
"487","16","","Laquon Treadwell","ATL","WR167","10","361","363","362.0","1.0","520.0","+33.0"
"488","16","","JaMycal Hasty","SF","RB130","11","357","374","365.5","8.5","737.0","+249.0"
"489","16","","Brandon Bolden","NE","RB131","6","357","378","367.5","10.5","884.0","+395.0"
"490","16","","Patrick DiMarco","BUF","RB132","11","363","374","368.5","5.5","916.0","+426.0"
"491","16","","Phillip Walker","CAR","QB48","13","359","391","375.0","16.0","963.0","+472.0"
"492","16","","Harrison Bryant","CLE","TE75","9","374","378","376.0","2.0","335.0","-157.0"
"493","16","","Buddy Howell","HOU","RB133","8","363","393","378.0","15.0","725.0","+232.0"
"494","16","","Isaiah Hodgins","BUF","WR168","11","378","380","379.0","1.0","581.0","+87.0"